Sheet Index:,,,,
Table1s1,,,,
Table1s2,,,,
Table1.A(a)s1,,,,
Table1.A(a)s2,,,,
Table1.A(a)s3,,,,
Table1.A(a)s4,,,,
Table1.A(b),,,,
Table1.A(c),,,,
Table1.A(d),,,,
Table1.B.1,,,,
Table1.B.2,,,,
Table1.C,,,,
Table1.D,,,,
Table2(I)s1,,,,
Table2(I)s2,,,,
Table2(I).A-Hs1,,,,
Table2(I).A-Hs2,,,,
Table2(II),,,,
Table2(II)B-Hs1,,,,
Table2(II)B-Hs2,,,,
Table3s1,,,,
Table3s2,,,,
Table3.As1,,,,
Table3.As2,,,,
Table3.B(a)s1,,,,
Table3.B(a)s2,,,,
Table3.B(b),,,,
Table3.C,,,,
Table3.D,,,,
Table3.E,,,,
Table3.F,,,,
Table3.G-I,,,,
Table4,,,,
Table4.1,,,,
Table4.A,,,,
Table4.B,,,,
Table4.C,,,,
Table4.D,,,,
Table4.E,,,,
Table4.F,,,,
Table4(I),,,,
Table4(II),,,,
Table4(III),,,,
Table4(IV),,,,
Table4(V),,,,
Table4.Gs1,,,,
Table4.Gs2,,,,
Table5,,,,
Table5.A,,,,
Table5.B,,,,
Table5.C,,,,
Table5.D,,,,
Summary1.As1,,,,
Summary1.As2,,,,
Summary1.As3,,,,
Summary2,,,,
Summary3s1,,,,
Summary3s2,,,,
Table6,,,,
Table7,,,,
Table8s1,,,,
Table8s2,,,,
Table8s3,,,,
Table8s4,,,,
Table9,,,,
Table10s1,,,,
Table10s2,,,,
Table10s3,,,,
Table10s4,,,,
Table10s5,,,,
Table10s6,,,,